{
  "id": "pf2e-property-runes",
  "title": "PF2E Property Runes",
  "description": "Automates property rune effects for Pathfinder 2E weapons and armor, starting with the Dread Rune on armor.",
  "authors": [
    {
      "name": "Spencer",
      "discord": "Spencer"
    }
  ],
  "version": "1.0.0",
  "compatibility": {
    "minimum": "11",
    "verified": "11"
  },
  "esmodules": [
    "scripts/dread-rune.js"
  ],
  "styles": [
    "styles/property-runes.css"
  ],
  "languages": [
    {
      "lang": "en",
      "name": "English",
      "path": "lang/en.json"
    }
  ],
  "system": ["pf2e"],
  "url": "https://github.com/srich3/pf2e-property-runes",
  "manifest": "https://github.com/srich3/pf2e-property-runes/releases/latest/download/module.json",
  "download": "https://github.com/srich3/pf2e-property-runes/releases/latest/download/pf2e-property-runes.zip",
  "license": "LICENSE"
}
